chr	snp_count	maf_lt_0.05	maf_gteq_0.05	rsq_lt_0.08	rsq_gteq_0.08	maf_gteq_0.05_rsq_gteq_0.08
1	1547091	1083591	463500	170155	1376936	459613
2	1662989	1163938	499051	177427	1485562	495571
3	1412632	982568	430064	145536	1267096	427856
4	1398493	955042	443451	145068	1253425	439476
5	1281655	891399	390256	134368	1147287	387141
6	1242840	840802	402038	123206	1119634	399006
7	1147835	793785	354050	124784	1023051	349718
8	1104243	774080	330163	115374	988869	328118
9	851680	592883	258797	93832	757848	256635
10	974382	664829	309553	107130	867252	304207
11	968485	670424	298061	111356	857129	292200
12	941394	651416	289978	108488	832906	287144
13	716059	490374	225685	76272	639787	224095
14	627263	434511	192752	69236	558027	191241
15	563203	394983	168220	68249	494954	165737
16	612257	431802	180455	80759	531498	178194
17	536640	377409	159231	74513	462127	156579
18	561749	387689	174060	68066	493683	171599
19	424425	291938	132487	63913	360512	129253
20	446566	310512	136054	56826	389740	133721
21	265843	180317	85526	34343	231500	83829
22	257838	178049	79789	41257	216581	76086
X	672407	486039	186368	94957	577450	180884
Overall	20217969	14028380	6189589	2285115	17932854	6117903
