snp	gene	beta_my	beta_fugita	symbol	.resid	.dist	discordant	label_text	is_strong_outlier	should_label
rs10026964	ENSG00000248242	0.431955	-0.0502	NA	0.44170829368629927	0.44170829368629927	TRUE	ENSG00000248242	TRUE	FALSE
rs10137166	ENSG00000185567	-0.160668	0.271	AHNAK2	-0.3120955462564304	0.3120955462564304	TRUE	AHNAK2	FALSE	FALSE
rs10160869	ENSG00000255910	-0.229515	-0.0888	NA	-0.20039190425333508	0.20039190425333508	FALSE	ENSG00000255910	FALSE	FALSE
rs1028460	ENSG00000131966	0.059988	-3.73e-5	ACTR10	0.04456923229216759	0.04456923229216759	TRUE	ACTR10	FALSE	FALSE
rs10497500	ENSG00000018510	-0.115166	-0.243	AGPS	-0.008664057680579977	0.008664057680579977	FALSE	AGPS	FALSE	FALSE
rs1052897	ENSG00000077080	-0.111175	-0.17	ACTL6B	-0.041305066758473105	0.041305066758473105	FALSE	ACTL6B	FALSE	FALSE
rs10809464	ENSG00000286474	0.369762	0.979	NA	-0.13694585347764057	0.13694585347764057	FALSE	ENSG00000286474	FALSE	FALSE
rs10845235	ENSG00000275119	-0.424841	-0.904	NA	0.013356257394589472	0.013356257394589472	FALSE	ENSG00000275119	FALSE	FALSE
rs10899313	ENSG00000078124	0.0796885	0.275	ACER3	-0.07374627963056148	0.07374627963056148	FALSE	ACER3	FALSE	FALSE
rs10899386	ENSG00000087884	-0.119498	0.0556	AAMDC	-0.1628360290594689	0.1628360290594689	TRUE	AAMDC	FALSE	FALSE
rs10978594	ENSG00000224848	-0.8614	-1.25	NA	-0.24957705574306782	0.24957705574306782	FALSE	ENSG00000224848	FALSE	FALSE
rs11015446	ENSG00000107890	0.109296	0.319	ANKRD26	-0.0662183467460039	0.0662183467460039	FALSE	ANKRD26	FALSE	FALSE
rs11071820	ENSG00000166839	0.205207	0.456	ANKDD1A	-0.03905508980999514	0.03905508980999514	FALSE	ANKDD1A	FALSE	FALSE
rs111238689	ENSG00000247925	-0.287533	-0.735	NA	0.06585864733754923	0.06585864733754923	FALSE	ENSG00000247925	FALSE	FALSE
rs11136540	ENSG00000254319	-0.352163	-0.542	LINC03021	-0.09562036296427787	0.09562036296427787	FALSE	LINC03021	FALSE	FALSE
rs112093213	ENSG00000242880	0.221201	0.244	NA	0.08332227901895482	0.08332227901895482	FALSE	ENSG00000242880	FALSE	FALSE
rs11253517	ENSG00000205740	-0.224077	-0.17	NA	-0.15420706675847312	0.15420706675847312	FALSE	ENSG00000205740	FALSE	FALSE
rs11609337	ENSG00000257815	0.725837	1.17	PRANCR	0.12328375290759781	0.12328375290759781	FALSE	PRANCR	FALSE	FALSE
rs11624332	ENSG00000258891	0.241558	-0.00628	NA	0.2292718712383397	0.2292718712383397	TRUE	ENSG00000258891	FALSE	FALSE
rs11663009	ENSG00000266846	0.243707	0.0314	NA	0.21251273285402444	0.21251273285402444	FALSE	ENSG00000266846	FALSE	FALSE
rs11682506	ENSG00000138031	0.0691551	0.209	ADCY3	-0.05116032895739779	0.05116032895739779	FALSE	ADCY3	FALSE	FALSE
rs11738699	ENSG00000063438	-0.301086	-0.0408	AHRR	-0.2960497047429087	0.2960497047429087	FALSE	AHRR	FALSE	FALSE
rs11971168	ENSG00000284707	-0.074792	0.214	NA	-0.19761647067506172	0.19761647067506172	TRUE	ENSG00000284707	FALSE	FALSE
rs12339942	ENSG00000148120	-0.0935247	-0.0363	AOPEP	-0.09074654228880619	0.09074654228880619	FALSE	AOPEP	FALSE	FALSE
rs12413039	ENSG00000172650	-0.177282	-0.508	AGAP5	0.06219915335560754	0.06219915335560754	FALSE	AGAP5	FALSE	FALSE
rs12451195	ENSG00000196704	0.302479	0.00188	AMZ2	0.2860981151551122	0.2860981151551122	FALSE	AMZ2	FALSE	FALSE
rs12466302	ENSG00000157985	-0.0898502	-0.0861	AGAP1	-0.062081986780873594	0.062081986780873594	FALSE	AGAP1	FALSE	FALSE
rs12511308	ENSG00000164111	-0.196438	0.0395	ANXA5	-0.2316969147285911	0.2316969147285911	TRUE	ANXA5	FALSE	FALSE
rs12528774	ENSG00000155085	-0.0813395	-0.0826	AK9	-0.05532761598323832	0.05532761598323832	FALSE	AK9	FALSE	FALSE
rs12548744	ENSG00000285669	0.168814	0.594	NA	-0.14469764121751916	0.14469764121751916	FALSE	ENSG00000285669	FALSE	FALSE
rs12622384	ENSG00000287621	-0.171765	-0.226	NA	-0.07379379952063728	0.07379379952063728	FALSE	ENSG00000287621	FALSE	FALSE
rs12683804	ENSG00000160323	-0.184674	-0.308	ADAMTS13	-0.04555451535094909	0.04555451535094909	FALSE	ADAMTS13	FALSE	FALSE
rs13009263	ENSG00000135976	0.187882	0.612	ANKRD36	-0.13466219140110922	0.13466219140110922	FALSE	ANKRD36	FALSE	FALSE
rs13022798	ENSG00000241962	-0.104024	-0.192	NA	-0.02311428320075188	0.02311428320075188	FALSE	ENSG00000241962	FALSE	FALSE
rs13394744	ENSG00000144504	0.163334	0.228	ANKMY1	0.03348421251547933	0.03348421251547933	FALSE	ANKMY1	FALSE	FALSE
rs1448275	ENSG00000288321	0.217221	-0.0745	NA	0.23916823643414614	0.23916823643414614	TRUE	ENSG00000288321	FALSE	FALSE
rs1466682	ENSG00000283415	0.272155	0.399	NA	0.05649598577137347	0.05649598577137347	FALSE	ENSG00000283415	FALSE	FALSE
rs1533133	ENSG00000053900	-0.0872972	-0.438	ANAPC4	0.11705736930831266	0.11705736930831266	FALSE	ANAPC4	FALSE	FALSE
rs1544124	ENSG00000116194	-0.267517	0.00418	ANGPTL1	-0.2850520440350132	0.2850520440350132	TRUE	ANGPTL1	FALSE	FALSE
rs16920039	ENSG00000250519	-0.396989	0.0481	NA	-0.436563466482973	0.436563466482973	TRUE	ENSG00000250519	TRUE	FALSE
rs17045837	ENSG00000257191	-0.152584	0.0134	NA	-0.17474571696238547	0.17474571696238547	TRUE	ENSG00000257191	FALSE	FALSE
rs170649	ENSG00000287249	0.119877	0.0715	NA	0.06856021827835984	0.06856021827835984	FALSE	ENSG00000287249	FALSE	FALSE
rs171790	ENSG00000164199	0.200261	0.757	ADGRV1	-0.19504540121336278	0.19504540121336278	FALSE	ADGRV1	FALSE	FALSE
rs17362956	ENSG00000286608	0.180542	0.0109	NA	0.15963480389644652	0.15963480389644652	FALSE	ENSG00000286608	FALSE	FALSE
rs184302	ENSG00000251136	-0.169769	-0.44	PARAIL	0.035589185995378234	0.035589185995378234	FALSE	PARAIL	FALSE	FALSE
rs1853259	ENSG00000286533	0.354424	0.636	NA	0.019836408354103996	0.019836408354103996	FALSE	ENSG00000286533	FALSE	FALSE
rs1962312	ENSG00000257759	-0.244653	-0.456	NA	-0.03126588050809723	0.03126588050809723	FALSE	ENSG00000257759	FALSE	FALSE
rs2071518	ENSG00000286282	-0.281165	-0.65	NA	0.029572938137262687	0.029572938137262687	FALSE	ENSG00000286282	FALSE	FALSE
rs2113417	ENSG00000233757	0.123964	0.343	ZNF892	-0.06359374699079072	0.06359374699079072	FALSE	ZNF892	FALSE	FALSE
rs2140551	ENSG00000282890	0.791011	0.372	NA	0.5889008110467586	0.5889008110467586	FALSE	ENSG00000282890	TRUE	TRUE
rs216412	ENSG00000214719	-0.267827	-0.339	NA	-0.11315145670143278	0.11315145670143278	FALSE	ENSG00000214719	FALSE	FALSE
rs2246293	ENSG00000165029	0.149473	-0.0456	ABCA1	0.1569179753060487	0.1569179753060487	TRUE	ABCA1	FALSE	FALSE
rs2249414	ENSG00000288107	0.469733	0.443	NA	0.23199441865593107	0.23199441865593107	FALSE	ENSG00000288107	FALSE	FALSE
rs2296580	ENSG00000138107	0.116099	0.00241	ACTR1A	0.0994521567330398	0.0994521567330398	FALSE	ACTR1A	FALSE	FALSE
rs2303885	ENSG00000188234	-0.182608	-0.0421	AGAP4	-0.17691935389631602	0.17691935389631602	FALSE	AGAP4	FALSE	FALSE
rs2574755	ENSG00000273674	0.284843	0.322	NA	0.10782322822339775	0.10782322822339775	FALSE	ENSG00000273674	FALSE	FALSE
rs2650400	ENSG00000065457	0.17928	0.725	ADAT1	-0.1999685342203137	0.1999685342203137	FALSE	ADAT1	FALSE	FALSE
rs2685499	ENSG00000265542	0.167126	0.31	NA	-0.0038720716542088654	0.0038720716542088654	FALSE	ENSG00000265542	FALSE	FALSE
rs28535274	ENSG00000235749	0.40656	0.613	NA	0.08351400025535795	0.08351400025535795	FALSE	ENSG00000235749	FALSE	FALSE
rs2899077	ENSG00000285080	-0.386944	-0.478	NA	-0.162517096950376	0.162517096950376	FALSE	ENSG00000285080	FALSE	FALSE
rs2932688	ENSG00000286909	-0.333647	-0.0271	NA	-0.3354854790493078	0.3354854790493078	FALSE	ENSG00000286909	FALSE	FALSE
rs299310	ENSG00000254186	-0.205346	-0.211	NA	-0.11490192467362903	0.11490192467362903	FALSE	ENSG00000254186	FALSE	FALSE
rs309315	ENSG00000229727	-0.172545	-0.111	NA	-0.13228175902690728	0.13228175902690728	FALSE	ENSG00000229727	FALSE	FALSE
rs337581	ENSG00000165138	-0.103543	-0.0969	ANKS6	-0.07035525667071951	0.07035525667071951	FALSE	ANKS6	FALSE	FALSE
rs34190274	ENSG00000259564	-0.4542	9.28e-4	NA	-0.4701031633018446	0.4701031633018446	TRUE	ENSG00000259564	TRUE	TRUE
rs34385495	ENSG00000226266	0.0909314	0.332	NA	-0.09110645521193012	0.09110645521193012	FALSE	ENSG00000226266	FALSE	FALSE
rs35218761	ENSG00000125257	0.193135	-0.0666	ABCC4	0.21111795052023719	0.21111795052023719	TRUE	ABCC4	FALSE	FALSE
rs3747496	ENSG00000203279	-0.631748	-1.05	NA	-0.12028672444962427	0.12028672444962427	FALSE	ENSG00000203279	FALSE	FALSE
rs3764420	ENSG00000265334	-0.36741	-0.78	NA	0.00856302279652442	0.00856302279652442	FALSE	ENSG00000265334	FALSE	FALSE
rs3807163	ENSG00000136250	-0.191061	-0.314	AOAH	-0.04893066528975239	0.04893066528975239	FALSE	AOAH	FALSE	FALSE
rs3822585	ENSG00000135074	-0.0876038	-0.172	ADAM19	-0.016730250071407562	0.016730250071407562	FALSE	ADAM19	FALSE	FALSE
rs417323	ENSG00000275734	0.21268	0.378	NA	0.007558960985561941	0.007558960985561941	FALSE	ENSG00000275734	FALSE	FALSE
rs431775	ENSG00000197381	-0.232167	-0.307	ADARB1	-0.09354932369448188	0.09354932369448188	FALSE	ADARB1	FALSE	FALSE
rs4386103	ENSG00000259986	-0.191815	-0.226	NA	-0.09384379952063729	0.09384379952063729	FALSE	ENSG00000259986	FALSE	FALSE
rs4476322	ENSG00000151694	0.129647	-0.178	ADAM17	0.20353139998978914	0.20353139998978914	TRUE	ADAM17	FALSE	FALSE
rs4565077	ENSG00000288075	0.669506	0.439	NA	0.43377465203006216	0.43377465203006216	FALSE	ENSG00000288075	TRUE	FALSE
rs4668904	ENSG00000287291	-0.172981	-0.0481	NA	-0.1642815038351193	0.1642815038351193	FALSE	ENSG00000287291	FALSE	FALSE
rs4724965	ENSG00000230825	0.690743	0.711	LINC03016	0.31851978258914526	0.31851978258914526	FALSE	LINC03016	FALSE	FALSE
rs4812972	ENSG00000101473	-0.118888	-0.168	ACOT8	-0.05002168344553866	0.05002168344553866	FALSE	ACOT8	FALSE	FALSE
rs4840487	ENSG00000253641	-0.208597	-0.597	LINC03022	0.07554509593002513	0.07554509593002513	FALSE	LINC03022	FALSE	FALSE
rs4852867	ENSG00000196975	0.173717	0.104	ANXA4	0.1060914471135444	0.1060914471135444	FALSE	ANXA4	FALSE	FALSE
rs4945223	ENSG00000254459	-0.622853	-0.442	NA	-0.41649119731755624	0.41649119731755624	FALSE	ENSG00000254459	FALSE	FALSE
rs4946371	ENSG00000253194	0.432832	0.201	NA	0.31653103779086444	0.31653103779086444	FALSE	ENSG00000253194	FALSE	FALSE
rs4951582	ENSG00000234915	0.209338	0.0669	NA	0.16032953665861066	0.16032953665861066	FALSE	ENSG00000234915	FALSE	FALSE
rs518365	ENSG00000117448	-0.1474	0.0209	AKR1A1	-0.17332527953888133	0.17332527953888133	TRUE	AKR1A1	FALSE	FALSE
rs55666684	ENSG00000286954	-0.206895	0.0507	NA	-0.24777416817615827	0.24777416817615827	TRUE	ENSG00000286954	FALSE	FALSE
rs55878704	ENSG00000286787	-0.449042	-0.493	NA	-0.21708797179738426	0.21708797179738426	FALSE	ENSG00000286787	FALSE	FALSE
rs5758698	ENSG00000281538	0.462422	0.358	NA	0.2673371278562176	0.2673371278562176	FALSE	ENSG00000281538	FALSE	FALSE
rs58576150	ENSG00000146856	-0.217643	-0.492	AGBL3	0.013809219859082917	0.013809219859082917	FALSE	AGBL3	FALSE	FALSE
rs61980899	ENSG00000284959	0.138713	0.314	NA	-0.03429230502833999	0.03429230502833999	FALSE	ENSG00000284959	FALSE	FALSE
rs62033651	ENSG00000285329	0.149537	0.103	NA	0.08241325545707719	0.08241325545707719	FALSE	ENSG00000285329	FALSE	FALSE
rs62212343	ENSG00000250917	0.193957	0.399	NA	-0.02170201422862652	0.02170201422862652	FALSE	ENSG00000250917	FALSE	FALSE
rs641686	ENSG00000159063	-0.118903	-0.406	ALG8	0.06939370231526364	0.06939370231526364	FALSE	ALG8	FALSE	FALSE
rs6440102	ENSG00000287045	-0.242761	-0.0854	NA	-0.21534405262134654	0.21534405262134654	FALSE	ENSG00000287045	FALSE	FALSE
rs6452769	ENSG00000287862	0.758331	0.681	NA	0.4011620328951287	0.4011620328951287	FALSE	ENSG00000287862	FALSE	FALSE
rs6510719	ENSG00000253392	-0.211819	-0.382	NA	-0.0355656979295232	0.0355656979295232	FALSE	ENSG00000253392	FALSE	FALSE
rs6582371	ENSG00000257239	0.57887	1.16	NA	-0.018665163657074255	0.018665163657074255	FALSE	ENSG00000257239	FALSE	FALSE
rs66487618	ENSG00000255670	0.360271	1.1	NA	-0.20715566304510735	0.20715566304510735	FALSE	ENSG00000255670	FALSE	FALSE
rs6706235	ENSG00000116127	0.110358	0.428	ALMS1	-0.11985345619107726	0.11985345619107726	FALSE	ALMS1	FALSE	FALSE
rs6842656	ENSG00000287117	0.46712	0.917	NA	-0.008475736178608029	0.008475736178608029	FALSE	ENSG00000287117	FALSE	FALSE
rs6896664	ENSG00000286749	0.251236	0.359	NA	0.055649319512684814	0.055649319512684814	FALSE	ENSG00000286749	FALSE	FALSE
rs7136223	ENSG00000257176	0.337556	0.328	NA	0.15752537816220105	0.15752537816220105	FALSE	ENSG00000257176	FALSE	FALSE
rs7162911	ENSG00000259363	-0.218118	-0.249	NA	-0.10860520761938328	0.10860520761938328	FALSE	ENSG00000259363	FALSE	FALSE
rs71655969	ENSG00000162641	-0.429552	0.14	AKNAD1	-0.5152426532536357	0.5152426532536357	TRUE	AKNAD1	TRUE	TRUE
rs718364	ENSG00000258526	0.234059	0.187	NA	0.12478335460032342	0.12478335460032342	FALSE	ENSG00000258526	FALSE	FALSE
rs7208530	ENSG00000253347	-0.162854	-0.481	NA	0.06307832808022232	0.06307832808022232	FALSE	ENSG00000253347	FALSE	FALSE
rs7255276	ENSG00000286125	0.366987	0.199	NA	0.25168965447793007	0.25168965447793007	FALSE	ENSG00000286125	FALSE	FALSE
rs72904908	ENSG00000170634	0.12931	0.394	ACYP2	-0.08383997251096262	0.08383997251096262	FALSE	ACYP2	FALSE	FALSE
rs7315975	ENSG00000284634	0.530689	0.351	NA	0.339116786260947	0.339116786260947	FALSE	ENSG00000284634	FALSE	FALSE
rs73267873	ENSG00000263603	-0.490919	-0.895	NA	-0.05723801769720559	0.05723801769720559	FALSE	ENSG00000263603	FALSE	FALSE
rs75017790	ENSG00000154175	0.577501	0.0411	ABI3BP	0.5414391919217565	0.5414391919217565	FALSE	ABI3BP	TRUE	TRUE
rs7550087	ENSG00000088035	-0.12616	-0.847	ALG6	0.28343418181322083	0.28343418181322083	FALSE	ALG6	FALSE	FALSE
rs75564413	ENSG00000258702	-0.366419	-1.33	NA	0.285548611739555	0.285548611739555	FALSE	ENSG00000258702	FALSE	FALSE
rs7578377	ENSG00000277701	0.649589	-0.65	NA	0.9603269381372627	0.9603269381372627	TRUE	ENSG00000277701	TRUE	TRUE
rs759045	ENSG00000267575	0.309117	1.15	LINC02987	-0.2834000802217464	0.2834000802217464	FALSE	LINC02987	FALSE	FALSE
rs7599536	ENSG00000169604	0.120766	-0.0514	ANTXR1	0.13112146369853886	0.13112146369853886	TRUE	ANTXR1	FALSE	FALSE
rs7648282	ENSG00000281392	-0.342529	-0.0409	LINC00506	-0.33744252390855534	0.33744252390855534	FALSE	LINC00506	FALSE	FALSE
rs7669803	ENSG00000250075	-0.262345	-0.418	NA	-0.06802659756234299	0.06802659756234299	FALSE	ENSG00000250075	FALSE	FALSE
rs77275585	ENSG00000267922	0.267293	0.102	NA	0.20067106380060998	0.20067106380060998	FALSE	ENSG00000267922	FALSE	FALSE
rs77327242	ENSG00000224905	-0.349984	0.046	NA	-0.3885046689615542	0.3885046689615542	TRUE	ENSG00000224905	FALSE	FALSE
rs7750586	ENSG00000135541	-0.46921	-0.24	AHI1	-0.36421348271117837	0.36421348271117837	FALSE	AHI1	FALSE	FALSE
rs77701788	ENSG00000251138	0.682077	0.112	LINC02882	0.6104369803652822	0.6104369803652822	FALSE	LINC02882	TRUE	TRUE
rs77889556	ENSG00000006071	0.494313	-0.469	ABCC8	0.714223627957829	0.714223627957829	TRUE	ABCC8	TRUE	TRUE
rs7806157	ENSG00000127914	-0.0743324	-0.154	AKAP9	-0.012491400254997655	0.012491400254997655	FALSE	AKAP9	FALSE	FALSE
rs783169	ENSG00000287558	0.532994	0.689	NA	0.17181056614686646	0.17181056614686646	FALSE	ENSG00000287558	FALSE	FALSE
rs78681982	ENSG00000285184	-0.294896	-0.105	NA	-0.257643609088104	0.257643609088104	FALSE	ENSG00000285184	FALSE	FALSE
rs7926602	ENSG00000261098	-0.221529	-0.147	NA	-0.16320065865972716	0.16320065865972716	FALSE	ENSG00000261098	FALSE	FALSE
rs8130148	ENSG00000222042	-0.199822	-0.163	NA	-0.13346472516320257	0.13346472516320257	FALSE	ENSG00000222042	FALSE	FALSE
rs875008	ENSG00000023516	-0.0872385	-0.333	AKAP11	0.0644261932373705	0.0644261932373705	FALSE	AKAP11	FALSE	FALSE
rs9376072	ENSG00000118514	-0.388607	-0.718	ALDH8A1	-0.043746094502508104	0.043746094502508104	FALSE	ALDH8A1	FALSE	FALSE
rs9376396	ENSG00000146386	0.131241	-0.0259	ABRACL	0.12880035093845288	0.12880035093845288	TRUE	ABRACL	FALSE	FALSE
rs9486079	ENSG00000286084	0.239948	0.768	NA	-0.1608782929922234	0.1608782929922234	FALSE	ENSG00000286084	FALSE	FALSE
rs9500877	ENSG00000272501	0.320807	-0.00227	NA	0.3065086197807732	0.3065086197807732	TRUE	ENSG00000272501	FALSE	FALSE
rs9546610	ENSG00000288016	-0.804281	-0.415	NA	-0.6114680225929414	0.6114680225929414	FALSE	ENSG00000288016	TRUE	TRUE
rs9813540	ENSG00000270207	0.437834	-0.0108	NA	0.42781604495110787	0.42781604495110787	TRUE	ENSG00000270207	FALSE	FALSE
rs9961321	ENSG00000267127	-0.297937	-0.292	NA	-0.16684644884747363	0.16684644884747363	FALSE	ENSG00000267127	FALSE	FALSE
rs9981922	ENSG00000232855	0.253826	0.516	NA	-0.020544590421962092	0.020544590421962092	FALSE	ENSG00000232855	FALSE	FALSE
