Chr	Symbol	Ensembl ID	Cell Type	SNP	Beta	SE	P (SMR)	P (HEIDI)	NSNP HEIDI
17	LRRC37A2	ENSG00000238083	Glu-DL	rs1819040	0.017914	0.00415283	1.605527e-5	0.3484474	20
9	FAM120AOS	ENSG00000188938	NPC	rs6479483	0.0717634	0.0164175	1.235945e-5	0.2686592	20
17	LRRC37A2	ENSG00000238083	NPC	rs1819040	0.0221282	0.00533347	3.340264e-5	0.3693086	20
22	WBP2NL	ENSG00000183066	NPC	rs9607869	0.0511568	0.0126642	5.356825e-5	0.1214603	20
17	NA	ENSG00000285668	Endo-Peri	rs17649553	0.0139448	0.00384452	2.865203e-4	0.7331078	20
17	KANSL1	ENSG00000120071	Endo-Peri	rs62055937	0.0371664	0.0100105	2.050421e-4	0.6934191	20
17	NA	ENSG00000305169	Endo-Peri	rs62063276	0.0127576	0.0033972	1.73123e-4	0.5530472	20
17	LRRC37A2	ENSG00000238083	Endo-Peri	rs733967	0.0305478	0.00736803	3.383494e-5	0.4324668	20
11	IGSF9B	ENSG00000080854	OPC	rs12366213	-0.0563197	0.0148124	1.434234e-4	0.3518169	14
17	NA	ENSG00000285668	OPC	rs112950348	0.0132361	0.003563	2.032978e-4	0.939462	20
17	KANSL1	ENSG00000120071	OPC	rs28439143	0.0249037	0.00661951	1.684454e-4	0.3051946	20
17	NA	ENSG00000305133	OPC	rs28439143	0.00366138	9.52909e-4	1.218777e-4	0.6472461	20
17	NA	ENSG00000305169	OPC	rs733967	0.0108326	0.00246404	1.101167e-5	0.6471941	20
17	LRRC37A2	ENSG00000238083	OPC	rs1819040	0.0184281	0.00444791	3.426481e-5	0.380257	20
17	NA	ENSG00000285668	MG	rs62055937	0.0122491	0.00336156	2.685812e-4	0.9677996	20
17	KANSL1	ENSG00000120071	MG	rs62063276	0.0275782	0.00707829	9.772834e-5	0.7664991	20
17	NA	ENSG00000305150	MG	rs4627402	0.0137348	0.0039517	5.095825e-4	0.09075017	20
17	ARL17B	ENSG00000228696	MG	rs56180212	0.00627785	0.00164249	1.322867e-4	0.7704716	20
17	LRRC37A2	ENSG00000238083	MG	rs17661015	0.018278	0.00525344	5.028153e-4	0.9999088	20
