Cell Type	Ensembl ID	Symbol	ProbeChr	Gene	Probe_bp	SNP	Chr	topSNP_bp	A1	A2	Freq	b_GWAS	se_GWAS	p_GWAS	b_eQTL	se_eQTL	p_eQTL	Beta	SE	P (SMR)	P (HEIDI)	NSNP HEIDI
Glu-UL	ENSG00000162753	SLC9C2	1	ENSG00000162753	173603072	rs61826818	1	173743683	T	G	0.106339	-0.0720043	0.0136	1.14e-7	0.55889	0.0650694	8.762762e-18	-0.128835	0.0285855	6.575585e-6	0.4826599	20
Glu-UL	ENSG00000296616	NA	1	ENSG00000296616	173715213	rs10798295	1	173714815	T	C	0.362986	-0.0435957	0.0089	1.089e-6	0.398033	0.0478106	8.417462e-17	-0.109528	0.0259432	2.42332e-5	0.1359565	20
Glu-UL	ENSG00000170802	FOXN2	2	ENSG00000170802	48314331	rs79073127	2	48346756	C	G	0.124744	-0.073204	0.0139	1.545e-7	0.411971	0.0375608	5.439405e-28	-0.177692	0.0374282	2.058975e-6	0.4031438	20
Glu-UL	ENSG00000138175	ARL3	10	ENSG00000138175	102714437	rs10883766	10	102705006	A	G	0.105317	-0.101997	0.0152	1.984e-11	0.187594	0.0285572	5.06409e-11	-0.543713	0.115827	2.676933e-6	0.01793895	20
Glu-UL	ENSG00000120451	SNX19	11	ENSG00000120451	130916479	rs3751034	11	130915409	C	T	0.204499	0.050704	0.0107	1.975e-6	0.270304	0.0255659	3.982132e-26	0.187581	0.0433791	1.530644e-5	0.913434	20
Glu-UL	ENSG00000136144	RCBTB1	13	ENSG00000136144	49586740	rs9316463	13	49602708	G	A	0.413088	0.0407964	0.0088	3.934e-6	0.217152	0.0249185	2.920975e-18	0.18787	0.0459022	4.261203e-5	0.3553409	20
Glu-UL	ENSG00000291175	NA	17	ENSG00000291175	45586340	rs2435204	17	45910839	G	A	0.196319	-0.061001	0.0108	1.453e-8	-0.361022	0.0431417	5.845578e-17	0.168967	0.0360916	2.84602e-6	0.9999998	20
Glu-UL	ENSG00000285668	NA	17	ENSG00000285668	45588379	rs55974014	17	45680084	A	C	0.132924	-0.0580991	0.011	1.346e-7	1.71367	0.0889055	8.668622999999999e-83	-0.0339032	0.00665558	3.506657e-7	0.616294	20
Glu-UL	ENSG00000120071	KANSL1	17	ENSG00000120071	46225389	rs62063276	17	45959042	G	T	0.242331	-0.0611045	0.0109	1.889e-8	0.608738	0.0475138	1.407933e-37	-0.100379	0.019545	2.809575e-7	0.9998347	20
Glu-UL	ENSG00000305133	NA	17	ENSG00000305133	46239342	rs199447	17	46734822	T	C	0.131902	-0.0575989	0.0109	1.437e-7	3.91034	0.184794	2.2084749999999998e-99	-0.0147299	0.00287309	2.946168e-7	0.2098303	20
Glu-UL	ENSG00000305150	NA	17	ENSG00000305150	46244082	rs199447	17	46734822	T	C	0.131902	-0.0575989	0.0109	1.437e-7	1.27914	0.107981	2.257507e-32	-0.0450293	0.00933072	1.393612e-6	0.430768	20
Glu-UL	ENSG00000305169	NA	17	ENSG00000305169	46267529	rs199528	17	46765770	T	C	0.143149	-0.0575989	0.011	1.571e-7	1.26088	0.0818338	1.450622e-53	-0.0456816	0.0092141	7.130106e-7	0.6359674	20
Glu-UL	ENSG00000176681	LRRC37A	17	ENSG00000176681	46292733	rs58879558	17	46018101	C	T	0.251534	-0.0579009	0.0107	6.267e-8	0.917486	0.0681894	2.8788519999999996e-41	-0.0631082	0.0125701	5.154132e-7	0.5658007	20
Glu-UL	ENSG00000238083	LRRC37A2	17	ENSG00000238083	46511508	rs58879558	17	46018101	C	T	0.251534	-0.0579009	0.0107	6.267e-8	0.956882	0.0650313	5.228385e-49	-0.06051	0.0119144	3.799429e-7	0.995452	20
Glu-UL	ENSG00000267127	NA	18	ENSG00000267127	80034346	rs9961321	18	80067563	A	G	0.389571	0.0423961	0.0091	3.352e-6	-0.303892	0.0307838	5.515414000000001e-23	-0.13951	0.0331121	2.516964e-5	0.9994577	20
Glu-UL	ENSG00000294647	NA	19	ENSG00000294647	19385913	rs56330647	19	19516844	G	A	0.175869	0.0582967	0.0114	2.954e-7	0.929152	0.067062	1.1848069999999999e-43	0.0627419	0.0130783	1.607303e-6	0.8071001	20
Glu-DL	ENSG00000162753	SLC9C2	1	ENSG00000162753	173603072	rs114672592	1	173829600	T	C	0.120654	-0.065104	0.013	5.803e-7	0.505474	0.0624962	6.061427e-16	-0.128798	0.0302494	2.063841e-5	0.5894482	20
Glu-DL	ENSG00000183831	ANKRD45	1	ENSG00000183831	173669851	rs114672592	1	173829600	T	C	0.120654	-0.065104	0.013	5.803e-7	0.359035	0.0448743	1.235158e-15	-0.181331	0.0427163	2.185928e-5	0.2437452	17
Glu-DL	ENSG00000296616	NA	1	ENSG00000296616	173715213	rs7544605	1	173814355	C	T	0.362986	-0.0437968	0.009	1.04e-6	0.488822	0.0689092	1.305584e-12	-0.0895966	0.0223274	5.999093e-5	0.01671945	20
Glu-DL	ENSG00000198315	ZKSCAN8	6	ENSG00000198315	28141732	rs35257859	6	28594812	A	G	0.155419	-0.115799	0.0111	1.756e-25	0.181823	0.0297317	9.627544e-10	-0.636877	0.120716	1.321711e-7	0.2748294	20
Glu-DL	ENSG00000120451	SNX19	11	ENSG00000120451	130916479	rs73022874	11	130861542	T	C	0.242331	0.057502	0.0108	1e-7	0.24878	0.0367528	1.296704e-11	0.231136	0.0552319	2.853749e-5	0.9882318	20
Glu-DL	ENSG00000285668	NA	17	ENSG00000285668	45588379	rs55974014	17	45680084	A	C	0.132924	-0.0580991	0.011	1.346e-7	1.55788	0.0823564	8.370503e-80	-0.0372937	0.00733095	3.634721e-7	0.6624501	20
Glu-DL	ENSG00000120071	KANSL1	17	ENSG00000120071	46225389	rs62063276	17	45959042	G	T	0.242331	-0.0611045	0.0109	1.889e-8	0.621475	0.0425288	2.319502e-48	-0.0983218	0.0187852	1.658856e-7	0.9999987	20
Glu-DL	ENSG00000305133	NA	17	ENSG00000305133	46239342	rs28439143	17	45910357	A	G	0.133947	-0.0611045	0.0108	1.659e-8	3.89507	0.168758	7.2087920000000005e-118	-0.0156876	0.00285482	3.904141e-8	0.9609282	20
Glu-DL	ENSG00000305150	NA	17	ENSG00000305150	46244082	rs62061733	17	45941033	G	A	0.241309	-0.061302	0.0108	1.566e-8	0.954432	0.106347	2.8421369999999996e-19	-0.0642288	0.0133889	1.60914e-6	1	20
Glu-DL	ENSG00000305169	NA	17	ENSG00000305169	46267529	rs7210219	17	45941153	C	T	0.245399	-0.0605023	0.0111	4.98e-8	1.06063	0.0962551	3.097923e-28	-0.057044	0.0116759	1.031146e-6	0.9769762	20
Glu-DL	ENSG00000176681	LRRC37A	17	ENSG00000176681	46292733	rs62054804	17	45837443	T	C	0.241309	-0.0613961	0.0107	1.089e-8	0.921886	0.0689501	9.012124e-41	-0.0665984	0.0126303	1.342876e-7	0.9999999	20
Glu-DL	ENSG00000238083	LRRC37A2	17	ENSG00000238083	46511508	rs1819040	17	46142465	A	T	0.193252	-0.0614995	0.0109	1.741e-8	1.06053	0.0739951	1.371463e-46	-0.0579892	0.0110456	1.52095e-7	1	20
Glu-DL	ENSG00000294647	NA	19	ENSG00000294647	19385913	rs113980591	19	19454548	A	G	0.091002	0.0586996	0.0114	2.36e-7	0.831692	0.0951998	2.409014e-18	0.0705785	0.0159106	9.167443e-6	0.8356033	20
Glu-DL	ENSG00000286100	NA	20	ENSG00000286100	44885604	rs6031847	20	44885562	T	C	0.168712	-0.042197	0.0097	1.48e-5	-1.08499	0.0813463	1.393276e-40	0.0388916	0.00940368	3.537365e-5	0.06725373	20
NPC	ENSG00000285184	NA	1	ENSG00000285184	150067757	rs113897387	1	150113844	A	G	0.165644	-0.0666956	0.0119	1.821e-8	-0.432868	0.0443981	1.850146e-22	0.154078	0.0317097	1.179633e-6	0.07582558	20
NPC	ENSG00000170802	FOXN2	2	ENSG00000170802	48314331	rs79073127	2	48346756	C	G	0.124744	-0.073204	0.0139	1.545e-7	0.377394	0.0454448	1.002845e-16	-0.193972	0.0436136	8.686529e-6	0.6954224	20
NPC	ENSG00000310474	NA	6	ENSG00000310474	29956613	rs9261259	6	30055302	C	T	0.135992	-0.1028	0.0123	6.165e-17	0.514201	0.0799026	1.23191e-10	-0.199922	0.0392085	3.415532e-7	0.2363611	20
NPC	ENSG00000188938	FAM120AOS	9	ENSG00000188938	93453581	rs6479483	9	93441746	A	G	0.104294	0.0564963	0.0124	5.026e-6	0.320545	0.0402287	1.61167e-15	0.176251	0.0445616	7.64662e-5	0.6396507	20
NPC	ENSG00000214435	AS3MT	10	ENSG00000214435	102869470	rs11191424	10	102866129	A	G	0.351738	-0.0654974	0.0091	4.806e-13	-0.345303	0.0393283	1.634618e-18	0.189681	0.0340769	2.602685e-8	0.1958907	20
NPC	ENSG00000120451	SNX19	11	ENSG00000120451	130916479	rs3751034	11	130915409	C	T	0.204499	0.050704	0.0107	1.975e-6	0.419193	0.0389294	4.872888999999999e-27	0.120956	0.0278876	1.442546e-5	0.09189579	20
NPC	ENSG00000291175	NA	17	ENSG00000291175	45586340	rs112275277	17	45904592	T	C	0.241309	-0.061302	0.0108	1.512e-8	-0.510446	0.0420514	6.5910099999999995e-34	0.120095	0.0233568	2.722022e-7	1	20
NPC	ENSG00000285668	NA	17	ENSG00000285668	45588379	rs62054825	17	45852667	A	G	0.144172	-0.0619978	0.0108	8.613e-9	1.58336	0.0929624	4.735906e-65	-0.0391559	0.00719794	5.331856e-8	1	20
NPC	ENSG00000120071	KANSL1	17	ENSG00000120071	46225389	rs56180212	17	45883545	G	A	0.242331	-0.0613961	0.0108	1.294e-8	0.585184	0.0488565	4.6545099999999994e-33	-0.104918	0.0204289	2.810518e-7	1	20
NPC	ENSG00000305133	NA	17	ENSG00000305133	46239342	rs17769552	17	45849924	A	G	0.237219	-0.0625991	0.0108	7.708e-9	4.18506	0.206615	3.186795e-91	-0.0149577	0.00268419	2.510443e-8	0.9997088	20
NPC	ENSG00000305150	NA	17	ENSG00000305150	46244082	rs199447	17	46734822	T	C	0.131902	-0.0575989	0.0109	1.437e-7	1.50628	0.107532	1.398362e-44	-0.0382392	0.00773416	7.646018e-7	0.7057787	20
NPC	ENSG00000305169	NA	17	ENSG00000305169	46267529	rs199528	17	46765770	T	C	0.143149	-0.0575989	0.011	1.571e-7	1.81519	0.132975	2.001571e-42	-0.0317316	0.00649051	1.013913e-6	0.765956	20
NPC	ENSG00000176681	LRRC37A	17	ENSG00000176681	46292733	rs12373168	17	45846971	C	A	0.244376	-0.0627964	0.0107	4.817e-9	0.790366	0.0766709	6.446592e-25	-0.0794523	0.0155783	3.392951e-7	0.9999999	20
NPC	ENSG00000238083	LRRC37A2	17	ENSG00000238083	46511508	rs1819040	17	46142465	A	T	0.193252	-0.0614995	0.0109	1.741e-8	0.85856	0.0824437	2.142763e-25	-0.071631	0.0144393	7.01877e-7	1	20
NPC	ENSG00000267127	NA	18	ENSG00000267127	80034346	rs9961321	18	80067563	A	G	0.389571	0.0423961	0.0091	3.352e-6	-0.395982	0.0317167	9.017329e-36	-0.107066	0.0245287	1.271763e-5	0.9986514	20
GABA	ENSG00000285184	NA	1	ENSG00000285184	150067757	rs72694957	1	150163093	T	C	0.164622	-0.067696	0.012	1.941e-8	-0.324952	0.0430964	4.695381e-14	0.208326	0.0461202	6.271616e-6	0.1458937	20
GABA	ENSG00000183831	ANKRD45	1	ENSG00000183831	173669851	rs61826818	1	173743683	T	G	0.106339	-0.0720043	0.0136	1.14e-7	0.368965	0.0575514	1.445277e-10	-0.195152	0.0478043	4.45883e-5	0.3278951	20
GABA	ENSG00000296616	NA	1	ENSG00000296616	173715213	rs7544605	1	173814355	C	T	0.362986	-0.0437968	0.009	1.04e-6	0.48833	0.0534758	6.737456e-20	-0.0896869	0.0208837	1.75024e-5	0.06242582	20
GABA	ENSG00000290727	ALMS1P1	2	ENSG00000290727	73640723	rs11893881	2	73597246	A	T	0.210634	0.0570996	0.0102	2.418e-8	0.33565	0.046402	4.706204e-13	0.170117	0.0384261	9.550518e-6	0.7311489	20
GABA	ENSG00000055955	ITIH4	3	ENSG00000055955	52831069	rs2710331	3	52803839	C	T	0.386503	-0.0537967	0.009	2.63e-9	0.284163	0.0511381	2.748026e-8	-0.189316	0.0465171	4.704905e-5	0.041707	20
GABA	ENSG00000120451	SNX19	11	ENSG00000120451	130916479	rs3751034	11	130915409	C	T	0.204499	0.050704	0.0107	1.975e-6	0.301948	0.0333659	1.4349089999999998e-19	0.167923	0.0400009	2.69303e-5	0.726711	20
GABA	ENSG00000291175	NA	17	ENSG00000291175	45586340	rs62062288	17	46019187	A	G	0.240286	-0.0676026	0.0112	1.651e-9	-0.438702	0.0507524	5.42962e-18	0.154097	0.0311381	7.466289e-7	0.9890527	20
GABA	ENSG00000285668	NA	17	ENSG00000285668	45588379	rs55974014	17	45680084	A	C	0.132924	-0.0580991	0.011	1.346e-7	1.47843	0.0847411	3.6631299999999997e-68	-0.0392978	0.0077738	4.30035e-7	0.6425303	20
GABA	ENSG00000120071	KANSL1	17	ENSG00000120071	46225389	rs56040418	17	45880713	T	C	0.139059	-0.061697	0.0108	1.098e-8	0.57463	0.0456287	2.28953e-36	-0.107368	0.020638	1.966743e-7	1	20
GABA	ENSG00000305133	NA	17	ENSG00000305133	46239342	rs17769552	17	45849924	A	G	0.237219	-0.0625991	0.0108	7.708e-9	3.77638	0.201716	3.3209979999999997e-78	-0.0165765	0.00299381	3.078504e-8	0.9795133	20
GABA	ENSG00000305150	NA	17	ENSG00000305150	46244082	rs112415880	17	45965502	A	G	0.242331	-0.0608975	0.0109	2.05e-8	1.13983	0.118518	6.751329000000001e-22	-0.0534266	0.0110593	1.358905e-6	0.9955431	20
GABA	ENSG00000305169	NA	17	ENSG00000305169	46267529	rs112415880	17	45965502	A	G	0.242331	-0.0608975	0.0109	2.05e-8	1.15532	0.100357	1.146676e-30	-0.0527105	0.010487	5.000719e-7	0.9861216	20
GABA	ENSG00000176681	LRRC37A	17	ENSG00000176681	46292733	rs55929431	17	45922836	A	G	0.241309	-0.0608034	0.0108	2.037e-8	0.889342	0.0804248	2.0039719999999998e-28	-0.068369	0.0136271	5.244979e-7	1	20
GABA	ENSG00000228696	ARL17B	17	ENSG00000228696	46361766	rs56040418	17	45880713	T	C	0.139059	-0.061697	0.0108	1.098e-8	2.22437	0.146805	7.360398999999999e-52	-0.0277368	0.00518893	9.022648e-8	0.9987702	20
GABA	ENSG00000238083	LRRC37A2	17	ENSG00000238083	46511508	rs17652520	17	46021601	A	G	0.244376	-0.0603987	0.0109	2.99e-8	0.911052	0.0600991	6.590572e-52	-0.0662956	0.0127384	1.946516e-7	1	20
GABA	ENSG00000286100	NA	20	ENSG00000286100	44885604	rs6031847	20	44885562	T	C	0.168712	-0.042197	0.0097	1.48e-5	-0.919499	0.0743366	3.827074e-35	0.0458913	0.0111826	4.064016e-5	0.07951275	20
Endo-Peri	ENSG00000285668	NA	17	ENSG00000285668	45588379	rs17649553	17	45917282	T	C	0.241309	-0.061001	0.0108	1.742e-8	1.12559	0.134468	5.727252000000001e-17	-0.0541945	0.011575	2.840168e-6	0.9782044	20
Endo-Peri	ENSG00000120071	KANSL1	17	ENSG00000120071	46225389	rs62055937	17	45771602	T	G	0.241309	-0.0624019	0.0108	7.748e-9	0.425234	0.0459025	1.972049e-20	-0.146747	0.0299329	9.460795e-7	0.9986685	20
Endo-Peri	ENSG00000305133	NA	17	ENSG00000305133	46239342	rs199447	17	46734822	T	C	0.131902	-0.0575989	0.0109	1.437e-7	3.40411	0.257218	5.557324e-40	-0.0169204	0.00344782	9.221744e-7	0.02630646	20
Endo-Peri	ENSG00000305150	NA	17	ENSG00000305150	46244082	rs199447	17	46734822	T	C	0.131902	-0.0575989	0.0109	1.437e-7	1.05185	0.149123	1.743402e-12	-0.0547594	0.0129481	2.345864e-5	0.09472651	20
Endo-Peri	ENSG00000305169	NA	17	ENSG00000305169	46267529	rs62063276	17	45959042	G	T	0.242331	-0.0611045	0.0109	1.889e-8	1.29359	0.142662	1.217523e-19	-0.0472362	0.00990643	1.858459e-6	0.9641145	20
Endo-Peri	ENSG00000176681	LRRC37A	17	ENSG00000176681	46292733	rs4627402	17	45855375	T	C	0.135992	-0.0622045	0.011	1.369e-8	0.932433	0.147739	2.766149e-10	-0.0667121	0.0158398	2.534946e-5	0.991048	20
Endo-Peri	ENSG00000228696	ARL17B	17	ENSG00000228696	46361766	rs70600	17	46782655	T	C	0.139059	-0.0572023	0.011	1.899e-7	2.27499	0.132806	8.839635e-66	-0.025144	0.00505307	6.491809e-7	0.3314273	20
Endo-Peri	ENSG00000238083	LRRC37A2	17	ENSG00000238083	46511508	rs733967	17	46012324	C	T	0.242331	-0.0614995	0.0109	1.695e-8	0.638302	0.0809733	3.199388e-15	-0.0963486	0.021	4.474391e-6	1	20
Endo-Peri	ENSG00000267127	NA	18	ENSG00000267127	80034346	rs11661922	18	80010278	C	A	0.345603	0.0440982	0.0091	1.124e-6	-0.296103	0.0516712	1.001246e-8	-0.148929	0.040248	2.153673e-4	0.9927014	20
OPC	ENSG00000170802	FOXN2	2	ENSG00000170802	48314331	rs79073127	2	48346756	C	G	0.124744	-0.073204	0.0139	1.545e-7	0.59115	0.100755	4.432046e-9	-0.123833	0.0315966	8.884723e-5	0.1048655	20
OPC	ENSG00000080854	IGSF9B	11	ENSG00000080854	133956968	rs12366213	11	133983770	A	G	0.254601	0.053	0.0096	3.661e-8	-0.293025	0.0455782	1.283964e-10	-0.180872	0.0431836	2.808783e-5	0.9743338	14
OPC	ENSG00000291175	NA	17	ENSG00000291175	45586340	rs62062288	17	46019187	A	G	0.240286	-0.0676026	0.0112	1.651e-9	-0.399512	0.0705331	1.477305e-8	0.169213	0.0409681	3.62199e-5	0.01688513	20
OPC	ENSG00000285668	NA	17	ENSG00000285668	45588379	rs112950348	17	45955822	A	G	0.241309	-0.0613961	0.011	2.489e-8	1.20148	0.133359	2.0729219999999999e-19	-0.0511006	0.01077	2.08793e-6	0.9999998	20
OPC	ENSG00000120071	KANSL1	17	ENSG00000120071	46225389	rs28439143	17	45910357	A	G	0.133947	-0.0611045	0.0108	1.659e-8	0.618413	0.0499521	3.347745e-35	-0.0988085	0.0192014	2.662292e-7	0.9999992	20
OPC	ENSG00000305133	NA	17	ENSG00000305133	46239342	rs28439143	17	45910357	A	G	0.133947	-0.0611045	0.0108	1.659e-8	4.20628	0.25265	3.093081e-62	-0.014527	0.0027118	8.464262e-8	0.9999997	20
OPC	ENSG00000305150	NA	17	ENSG00000305150	46244082	rs199447	17	46734822	T	C	0.131902	-0.0575989	0.0109	1.437e-7	1.26515	0.15919	1.905169e-15	-0.0455275	0.0103463	1.080688e-5	0.1821987	20
OPC	ENSG00000305169	NA	17	ENSG00000305169	46267529	rs733967	17	46012324	C	T	0.242331	-0.0614995	0.0109	1.695e-8	1.79999	0.176885	2.535492e-24	-0.0341665	0.00692409	8.038065e-7	0.9998973	20
OPC	ENSG00000238083	LRRC37A2	17	ENSG00000238083	46511508	rs1819040	17	46142465	A	T	0.193252	-0.0614995	0.0109	1.741e-8	1.03095	0.0998728	5.570091e-25	-0.0596535	0.0120491	7.388156e-7	1	20
MG	ENSG00000285668	NA	17	ENSG00000285668	45588379	rs62055937	17	45771602	T	G	0.241309	-0.0624019	0.0108	7.748e-9	1.29025	0.15494	8.261325000000001e-17	-0.048364	0.010188	2.062835e-6	0.9992664	20
MG	ENSG00000120071	KANSL1	17	ENSG00000120071	46225389	rs62063276	17	45959042	G	T	0.242331	-0.0611045	0.0109	1.889e-8	0.598412	0.0505235	2.305541e-32	-0.102111	0.0201521	4.04082e-7	0.9998854	20
MG	ENSG00000305133	NA	17	ENSG00000305133	46239342	rs199447	17	46734822	T	C	0.131902	-0.0575989	0.0109	1.437e-7	4.4005	0.266576	3.24127e-61	-0.0130892	0.00260081	4.835474e-7	0.2233387	20
MG	ENSG00000305150	NA	17	ENSG00000305150	46244082	rs4627402	17	45855375	T	C	0.135992	-0.0622045	0.011	1.369e-8	1.17935	0.185761	2.17089e-10	-0.0527449	0.0124907	2.413698e-5	0.3415777	20
MG	ENSG00000305169	NA	17	ENSG00000305169	46267529	rs199533	17	46751565	A	G	0.131902	-0.0575989	0.0109	1.363e-7	1.36629	0.178386	1.871587e-14	-0.0421572	0.00969233	1.364226e-5	0.1987351	20
MG	ENSG00000228696	ARL17B	17	ENSG00000228696	46361766	rs56180212	17	45883545	G	A	0.242331	-0.0613961	0.0108	1.294e-8	2.4532	0.161316	3.1599599999999998e-52	-0.025027	0.00469996	1.009925e-7	1	20
MG	ENSG00000238083	LRRC37A2	17	ENSG00000238083	46511508	rs17661015	17	46115591	C	T	0.242331	-0.0619038	0.011	1.875e-8	0.870055	0.121008	6.477234e-13	-0.0711493	0.016055	9.354123e-6	1	20
