cell_type,variant,ensembl_id,symbol
ExN-1,rs17378283,ENSG00000136267,DGKB
ExN-2,rs72890384,ENSG00000287621,
ExN-2,rs57499523,ENSG00000285999,
ExN-2,rs1890507,ENSG00000241058,NSUN6
ExN-2,rs73042335,ENSG00000011478,QPCTL
ExN-2,rs4810971,ENSG00000124214,STAU1
ExN-2,rs56017720,ENSG00000184647,PRSS55
ExN-2,rs2074808,ENSG00000239642,MEIKIN
InN-1,rs409192,ENSG00000137501,SYTL2
InN-1,rs145469775,ENSG00000164070,HSPA4L
InN-1,rs73196202,ENSG00000104219,ZDHHC2
RG,rs71646153,ENSG00000226251,LINC02608
RG,rs5751776,ENSG00000099974,DDTL
ExN-1,rs5751776,ENSG00000099974,DDTL
ExN-2,rs5751776,ENSG00000099974,DDTL
InN-1,rs5751776,ENSG00000099974,DDTL
RG,rs10792355,ENSG00000255432,
RG,rs17137979,ENSG00000302828,
RG,rs4763425,ENSG00000214776,
RG,rs75816816,ENSG00000304750,
