Sample,Chr,rsID,REF,ALT,GT,DS,Expression
1117,chr11,rs73022874,C,T,0|0,0.002,5.263712545544545
1558,chr11,rs73022874,C,T,0|0,0.001,5.564797642970957
1923,chr11,rs73022874,C,T,0|0,0.046,5.634119255771823
2143,chr11,rs73022874,C,T,1|0,0.999,5.703586347848869
11396,chr11,rs73022874,C,T,1|0,1.0,5.587837252597409
11449,chr11,rs73022874,C,T,0|0,0.003,5.493421266120638
11511,chr11,rs73022874,C,T,0|0,0.003,5.50737631360277
11654,chr11,rs73022874,C,T,0|0,0.007,5.584753008667848
11875,chr11,rs73022874,C,T,1|0,1.004,5.295505050286205
11921,chr11,rs73022874,C,T,0|0,0.098,4.951992186701477
11928,chr11,rs73022874,C,T,0|0,0.007,5.223663984676106
12034,chr11,rs73022874,C,T,0|0,0.0,5.023309885364824
12036,chr11,rs73022874,C,T,0|0,0.002,5.095447741147887
12047,chr11,rs73022874,C,T,0|1,1.0,5.258828880165234
12152,chr11,rs73022874,C,T,0|0,0.0,5.307636529497551
12570,chr11,rs73022874,C,T,0|0,0.001,4.9836305920063
12971_FC,chr11,rs73022874,C,T,0|0,0.0,4.932539745438825
12972_FC,chr11,rs73022874,C,T,0|0,0.001,5.187336956903597
12993,chr11,rs73022874,C,T,0|0,0.001,5.206042537492629
12994_a,chr11,rs73022874,C,T,0|0,0.023,4.894292737167385
13008_A,chr11,rs73022874,C,T,0|0,0.003,5.344233199341409
13117,chr11,rs73022874,C,T,0|0,0.001,5.264926496986184
13142,chr11,rs73022874,C,T,0|0,0.011,4.977642586620688
13424,chr11,rs73022874,C,T,1|0,0.987,5.272503740624486
13454,chr11,rs73022874,C,T,1|1,1.998,5.517920811108567
13782,chr11,rs73022874,C,T,1|0,1.001,5.588908199140846
13823_FC,chr11,rs73022874,C,T,0|1,0.993,4.786759235352488
13885,chr11,rs73022874,C,T,0|0,0.0,5.396414536532159
13907,chr11,rs73022874,C,T,0|1,1.003,5.355224221052992
13950,chr11,rs73022874,C,T,0|1,1.002,5.445589066947401
14105,chr11,rs73022874,C,T,0|0,0.0,4.91848631555113
14149,chr11,rs73022874,C,T,0|1,0.961,5.36127485555363
14205,chr11,rs73022874,C,T,1|1,1.999,5.558163730904035
14211,chr11,rs73022874,C,T,0|0,0.0,5.304824324051785
14284,chr11,rs73022874,C,T,0|0,0.001,5.201558335608546
14402,chr11,rs73022874,C,T,0|0,0.0,4.800739766846034
14404,chr11,rs73022874,C,T,0|0,0.001,4.302763236606154
14483_FC,chr11,rs73022874,C,T,0|0,0.0,4.666283275800372
14501,chr11,rs73022874,C,T,0|0,0.0,5.20347663429611
14510_FC,chr11,rs73022874,C,T,0|1,0.988,5.413236075388346
14521,chr11,rs73022874,C,T,0|0,0.001,5.4345123136575655
14524,chr11,rs73022874,C,T,0|0,0.002,5.160820546005712
14533,chr11,rs73022874,C,T,0|0,0.0,4.64081572110894
14611_FC,chr11,rs73022874,C,T,1|0,1.001,5.03886498799468
14619,chr11,rs73022874,C,T,0|0,0.001,5.126835876688785
14703,chr11,rs73022874,C,T,1|0,0.991,5.076386330212756
14718,chr11,rs73022874,C,T,0|1,1.21,5.825318719112754
14729,chr11,rs73022874,C,T,0|1,0.88,5.362659462645191
14746,chr11,rs73022874,C,T,0|0,0.0,5.202046057153158
14765,chr11,rs73022874,C,T,0|0,0.0,4.750063603640642
14773,chr11,rs73022874,C,T,0|0,0.005,4.510585399740208
14812,chr11,rs73022874,C,T,0|0,0.0,5.117826317032217
14821,chr11,rs73022874,C,T,0|0,0.0,4.552939628539456
14836,chr11,rs73022874,C,T,0|1,0.987,5.584422507472086
14862,chr11,rs73022874,C,T,0|0,0.0,5.327437217331544
15070,chr11,rs73022874,C,T,1|0,0.977,5.667190878544394
15125,chr11,rs73022874,C,T,0|0,0.0,5.536852976414426
15183,chr11,rs73022874,C,T,0|0,0.0,5.520123032657383
15217,chr11,rs73022874,C,T,0|1,0.994,5.075822882933802
15218,chr11,rs73022874,C,T,1|0,0.979,4.882663069916646
15219,chr11,rs73022874,C,T,1|0,1.0,5.3834596742037375
15245,chr11,rs73022874,C,T,0|0,0.005,5.007824383836192
15249,chr11,rs73022874,C,T,0|0,0.005,5.202394989870301
15260,chr11,rs73022874,C,T,0|0,0.0,4.652187548529215
15265,chr11,rs73022874,C,T,0|0,0.003,4.943223421053919
15309,chr11,rs73022874,C,T,0|0,0.0,4.9387734871750935
15351,chr11,rs73022874,C,T,0|1,1.001,5.450994408710713
15355,chr11,rs73022874,C,T,0|0,0.0,4.900417433796165
15370,chr11,rs73022874,C,T,0|1,0.974,5.448529786790382
15426,chr11,rs73022874,C,T,0|0,0.019,5.441701011178166
15432,chr11,rs73022874,C,T,0|0,0.001,4.652484945499514
15444,chr11,rs73022874,C,T,0|0,0.0,5.278483295709459
15517,chr11,rs73022874,C,T,1|0,1.0,5.594304114977944
15626,chr11,rs73022874,C,T,0|0,0.0,5.213998952831627
15658,chr11,rs73022874,C,T,0|0,0.015,5.382202857160614
15699,chr11,rs73022874,C,T,0|0,0.0,3.871919993438413
15794,chr11,rs73022874,C,T,0|0,0.005,4.951390245348581
15821,chr11,rs73022874,C,T,0|1,1.0,5.154122373529217
15895,chr11,rs73022874,C,T,0|1,0.998,5.789263070853231
15949,chr11,rs73022874,C,T,0|0,0.0,5.486303293738757
15955,chr11,rs73022874,C,T,0|1,0.999,5.673609280346106
15985,chr11,rs73022874,C,T,0|0,0.0,5.158237390190387
16011,chr11,rs73022874,C,T,0|0,0.0,5.049440553440016
16024,chr11,rs73022874,C,T,0|0,0.015,5.052479307696058
16114_FC,chr11,rs73022874,C,T,0|1,0.999,5.725836740668096
16246,chr11,rs73022874,C,T,1|0,0.995,5.056076240221889
16281,chr11,rs73022874,C,T,1|0,0.96,5.465483909787809
16393,chr11,rs73022874,C,T,0|1,0.999,5.428974813680332
16488,chr11,rs73022874,C,T,0|0,0.004,4.705552431662315
16491,chr11,rs73022874,C,T,0|0,0.002,5.159421692930521
16548,chr11,rs73022874,C,T,0|0,0.001,4.768646973487948
16840,chr11,rs73022874,C,T,0|0,0.0,4.945139910852889
16972,chr11,rs73022874,C,T,0|0,0.004,5.152143974511881
17048,chr11,rs73022874,C,T,1|0,0.968,5.523198640019635
17053,chr11,rs73022874,C,T,0|0,0.0,5.379893248977327
17071,chr11,rs73022874,C,T,0|0,0.003,5.160634835778397
17072,chr11,rs73022874,C,T,1|0,1.0,5.127126867518379
17109,chr11,rs73022874,C,T,0|0,0.001,4.86771016836164
17160,chr11,rs73022874,C,T,0|0,0.0,5.203084339897177
17162,chr11,rs73022874,C,T,0|0,0.002,4.884959375531184
17167,chr11,rs73022874,C,T,0|0,0.002,4.81073800490146
17175,chr11,rs73022874,C,T,0|0,0.001,5.4238621293867775
17198,chr11,rs73022874,C,T,0|0,0.002,5.0770748399225285
17264,chr11,rs73022874,C,T,0|0,0.004,5.106574336009055
17369,chr11,rs73022874,C,T,0|0,0.001,5.2160588152996885
17486,chr11,rs73022874,C,T,0|0,0.0,4.913851694100811
17629,chr11,rs73022874,C,T,0|0,0.0,4.935371991633852
17634,chr11,rs73022874,C,T,0|0,0.0,5.418480096194189
17671,chr11,rs73022874,C,T,0|0,0.003,4.976157463493929
17754,chr11,rs73022874,C,T,0|0,0.001,4.839160514910898
17756,chr11,rs73022874,C,T,0|0,0.0,5.319626674381532
17767,chr11,rs73022874,C,T,0|0,0.001,5.33254166563011
17809_FC,chr11,rs73022874,C,T,0|0,0.002,4.700234618041952
17812,chr11,rs73022874,C,T,0|1,0.983,5.808911219809625
17883_FC,chr11,rs73022874,C,T,0|0,0.0,4.979106217438936
17898,chr11,rs73022874,C,T,0|0,0.0,4.895556230251011
17921,chr11,rs73022874,C,T,0|0,0.063,5.576688998506303
17923,chr11,rs73022874,C,T,0|1,1.0,5.514199109209832
17936,chr11,rs73022874,C,T,0|1,0.978,5.025014745544888
17940,chr11,rs73022874,C,T,0|0,0.001,4.898266406232959
17972,chr11,rs73022874,C,T,0|0,0.0,4.930036316442092
17978,chr11,rs73022874,C,T,1|0,1.0,5.625143719517043
18039,chr11,rs73022874,C,T,0|0,0.002,5.142364155673891
18048,chr11,rs73022874,C,T,0|0,0.0,4.919396752416207
18061,chr11,rs73022874,C,T,0|0,0.0,5.289463535128701
18121,chr11,rs73022874,C,T,1|1,1.989,5.949376363854302
18137,chr11,rs73022874,C,T,0|0,0.016,5.159869185372438
18145,chr11,rs73022874,C,T,0|0,0.001,4.51322539520183
18190_FC,chr11,rs73022874,C,T,0|0,0.011,5.412855651236742
18351_FC,chr11,rs73022874,C,T,0|0,0.009,5.015276938677485
18372,chr11,rs73022874,C,T,1|0,1.0,5.496879766004953
18382,chr11,rs73022874,C,T,0|0,0.003,5.05217765118159
19043,chr11,rs73022874,C,T,0|1,0.998,5.083936991242315
